{"loss":{"0":2.208240509,"1":2.2199411392,"2":2.2351162434,"3":2.1684992313,"4":2.1731028557},"accuracy":{"0":0.8511403799,"1":0.8487395048,"2":0.8511404395,"3":0.8499399424,"4":0.8463384509},"precision":{"0":0.2222222239,"1":0.0,"2":0.0,"3":0.125,"4":0.0909090936},"recall":{"0":0.0168067235,"1":0.0,"2":0.0,"3":0.0084033618,"4":0.0084033618},"auc":{"0":0.5133289099,"1":0.4857236743,"2":0.4602959156,"3":0.5045547485,"4":0.5123461485},"f1_score":{"0":0.031372536,"1":0.0,"2":0.0,"3":0.0172413737,"4":0.014285706},"val_loss":{"0":2.2247774601,"1":2.1914086342,"2":2.1356527805,"3":2.0824072361,"4":2.0684556961},"val_accuracy":{"0":0.8520407677,"1":0.8571428657,"2":0.8571428657,"3":0.8571428657,"4":0.8571428657},"val_precision":{"0":0.0,"1":0.0,"2":0.0,"3":0.0,"4":0.0},"val_recall":{"0":0.0,"1":0.0,"2":0.0,"3":0.0,"4":0.0},"val_auc":{"0":0.4727891088,"1":0.4698129296,"2":0.5012755394,"3":0.4960671663,"4":0.4857567847},"val_f1_score":{"0":0.0,"1":0.0,"2":0.0,"3":0.0,"4":0.0},"lr":{"0":0.001,"1":0.001,"2":0.001,"3":0.001,"4":0.001}}