{"loss":{"0":9.3027648926,"1":8.2195978165,"2":7.1661162376,"3":6.1325507164,"4":5.187046051,"5":4.3557581902,"6":3.6938464642,"7":3.1954007149,"8":2.8125417233,"9":2.551299572,"10":2.3585996628,"11":2.2032389641,"12":2.0883655548,"13":1.9981976748,"14":1.9401067495,"15":1.8739497662,"16":1.8322461843,"17":1.7940123081,"18":1.7469478846,"19":1.7109543085,"20":1.6891793013,"21":1.6675235033,"22":1.6505970955,"23":1.6286121607,"24":1.6091372967,"25":1.5939528942,"26":1.5771906376,"27":1.5614541769,"28":1.5533294678,"29":1.5483131409,"30":1.5497752428,"31":1.5312459469,"32":1.5163041353,"33":1.5199488401,"34":1.5057680607,"35":1.5015869141,"36":1.5027509928,"37":1.4909120798,"38":1.4898761511,"39":1.4837081432,"40":1.4835921526,"41":1.4754786491,"42":1.4780467749,"43":1.4793519974,"44":1.4666273594,"45":1.461833477,"46":1.4631791115,"47":1.4597775936,"48":1.4544292688,"49":1.4477157593,"50":1.4437639713,"51":1.445558548,"52":1.4502651691,"53":1.4349727631,"54":1.4390070438,"55":1.4364314079,"56":1.429725647,"57":1.4270216227,"58":1.4291517735,"59":1.4205555916},"accuracy":{"0":0.1766805947,"1":0.2006704956,"2":0.2113375068,"3":0.2165186405,"4":0.2177377194,"5":0.2260100991,"6":0.2316701561,"7":0.229972139,"8":0.2426419407,"9":0.2527429461,"10":0.2763845325,"11":0.3118686974,"12":0.3327673376,"13":0.3691222668,"14":0.3935475349,"15":0.4180599153,"16":0.433429122,"17":0.4520637393,"18":0.4690874219,"19":0.4807122946,"20":0.4856757224,"21":0.497518301,"22":0.5049198866,"23":0.5090560913,"24":0.5170672536,"25":0.5153692365,"26":0.5250348449,"27":0.5307384133,"28":0.5343086123,"29":0.5335249305,"30":0.5384012461,"31":0.5422326922,"32":0.5471090078,"33":0.5471090078,"34":0.5493295193,"35":0.5525078177,"36":0.5551636815,"37":0.5553378463,"38":0.5582114458,"39":0.5650034547,"40":0.5648728609,"41":0.5638715029,"42":0.5717955232,"43":0.5712295175,"44":0.5731016994,"45":0.5749303102,"46":0.5749738812,"47":0.5756704807,"48":0.5786311626,"49":0.5809386969,"50":0.5799808502,"51":0.5819401145,"52":0.5798937678,"53":0.5864681005,"54":0.5844653249,"55":0.5864681005,"56":0.5881226063,"57":0.5894287825,"58":0.5859891772,"59":0.5912573934},"val_loss":{"0":8.5247240067,"1":7.4844307899,"2":6.4208025932,"3":5.4560613632,"4":4.5670752525,"5":3.8450672626,"6":3.2876503468,"7":2.8486192226,"8":2.6355559826,"9":2.5223646164,"10":4.6378993988,"11":2.7344074249,"12":3.1728975773,"13":1.8985513449,"14":1.936050415,"15":1.7371731997,"16":1.7326793671,"17":1.6702200174,"18":1.6788271666,"19":1.7150509357,"20":1.6449552774,"21":1.5746119022,"22":1.5632529259,"23":1.6136194468,"24":1.5525896549,"25":1.5583798885,"26":1.5221951008,"27":1.5607596636,"28":1.4746822119,"29":1.5100824833,"30":1.5200289488,"31":1.5276938677,"32":1.4735976458,"33":1.4866764545,"34":1.4904508591,"35":1.5609937906,"36":1.4764163494,"37":1.4823828936,"38":1.5306950808,"39":1.4526555538,"40":1.5990185738,"41":1.5033671856,"42":1.4105280638,"43":1.4690048695,"44":1.4186280966,"45":1.4801720381,"46":1.5340112448,"47":1.4275351763,"48":1.4131217003,"49":1.467846632,"50":1.4334659576,"51":1.4166089296,"52":1.4684622288,"53":1.4473987818,"54":1.4179012775,"55":1.4253821373,"56":1.4620547295,"57":1.4175350666,"58":1.4219042063,"59":1.3964657784},"val_accuracy":{"0":0.2273123115,"1":0.2553562224,"2":0.2503048182,"3":0.2356732339,"4":0.2600592375,"5":0.257968992,"6":0.2597108483,"7":0.2670266628,"8":0.2583173811,"9":0.2746908069,"10":0.2515241206,"11":0.2403762341,"12":0.2055391073,"13":0.4164779782,"14":0.4086396098,"15":0.4723915756,"16":0.4737850428,"17":0.5039191842,"18":0.4929454923,"19":0.4885908365,"20":0.5110607743,"21":0.5302212238,"22":0.5335307717,"23":0.5166347623,"24":0.5330081582,"25":0.5417174697,"26":0.5417174697,"27":0.5384079218,"28":0.5655809045,"29":0.550078392,"30":0.5424141884,"31":0.5290018916,"32":0.5612262487,"33":0.5554781556,"34":0.5549556017,"35":0.5575683713,"36":0.5622713566,"37":0.5547813773,"38":0.5403239727,"39":0.5755094886,"40":0.5317888856,"41":0.561923027,"42":0.5911862254,"43":0.5643616319,"44":0.591534555,"45":0.5690646172,"46":0.5328339934,"47":0.584741354,"48":0.5958892107,"49":0.5760320425,"50":0.5904894471,"51":0.5885733962,"52":0.5697613358,"53":0.5831736922,"54":0.593798995,"55":0.5981536508,"56":0.5718516111,"57":0.5880508423,"58":0.593798995,"59":0.5979794264}}