{"loss":{"0":1.7597467899,"1":1.7573361397,"2":1.7496011257,"3":1.7454012632,"4":1.7439574003,"5":1.7425895929,"6":1.7379894257,"7":1.7384186983,"8":1.7348338366,"9":1.7348918915,"10":1.7294555902,"11":1.7292768955,"12":1.730350256,"13":1.7291606665,"14":1.7256611586,"15":1.7272824049,"16":1.7236555815,"17":1.7241951227,"18":1.7219159603,"19":1.7259272337,"20":1.7247738838,"21":1.7225083113,"22":1.7214820385,"23":1.721041441,"24":1.7229834795,"25":1.720523715,"26":1.7209124565,"27":1.7222259045,"28":1.7239352465,"29":1.721162796,"30":1.7218308449,"31":1.7218661308,"32":1.7155643702,"33":1.7168343067,"34":1.7184531689,"35":1.7178040743,"36":1.7178647518,"37":1.7145289183,"38":1.7147760391,"39":1.7199568748,"40":1.7175741196,"41":1.7150737047,"42":1.7153100967,"43":1.7146407366,"44":1.717499733,"45":1.7142031193,"46":1.7188632488,"47":1.7140692472,"48":1.7143825293,"49":1.7141345739,"50":1.7125413418,"51":1.7150155306,"52":1.7157646418,"53":1.7162770033,"54":1.711245656,"55":1.714194417,"56":1.7182283401},"accuracy":{"0":0.8570376635,"1":0.8569883704,"2":0.8570561409,"3":0.8572363257,"4":0.8571431041,"5":0.8571367264,"6":0.8574106693,"7":0.8572239876,"8":0.8571931124,"9":0.8571305275,"10":0.8574726582,"11":0.8572860956,"12":0.8570812345,"13":0.8575038314,"14":0.8574605584,"15":0.8575785756,"16":0.8573668003,"17":0.8573361635,"18":0.857590735,"19":0.85731107,"20":0.8573170304,"21":0.8574659824,"22":0.8574290872,"23":0.85731107,"24":0.8574602008,"25":0.8576285243,"26":0.8575413227,"27":0.8574975729,"28":0.8575472832,"29":0.8572923541,"30":0.8576284051,"31":0.8575783372,"32":0.8573669195,"33":0.8573668599,"34":0.8575097322,"35":0.8575597405,"36":0.8576530814,"37":0.8577774167,"38":0.8572980762,"39":0.8573235869,"40":0.8575723767,"41":0.8576030135,"42":0.8578889966,"43":0.8576715589,"44":0.8575598001,"45":0.8575725555,"46":0.857534647,"47":0.8575348854,"48":0.8574664593,"49":0.857547164,"50":0.8575721979,"51":0.8574976325,"52":0.8574419618,"53":0.8576966524,"54":0.8575534225,"55":0.8576033711,"56":0.8576968908},"precision":{"0":0.4731861055,"1":0.4573378861,"2":0.4812834263,"3":0.5183374286,"4":0.5,"5":0.4989106655,"6":0.5436105728,"7":0.5128205419,"8":0.5076628327,"9":0.4980842769,"10":0.5467371941,"11":0.5206463337,"12":0.4895833433,"13":0.5589430928,"14":0.5443478227,"15":0.5507246256,"16":0.5299999714,"17":0.5220483541,"18":0.5576922894,"19":0.5255198479,"20":0.5239726305,"21":0.5479704738,"22":0.5357142687,"23":0.5198822021,"24":0.5397815704,"25":0.5582089424,"26":0.5521172881,"27":0.549565196,"28":0.553191483,"29":0.519230783,"30":0.554317534,"31":0.5488826632,"32":0.5253521204,"33":0.5286624432,"34":0.5494137406,"35":0.5520995259,"36":0.5584045649,"37":0.5687331557,"38":0.5170998573,"39":0.5199999809,"40":0.5581787229,"41":0.5502717495,"42":0.5852272511,"43":0.5534591079,"44":0.5484804511,"45":0.5459387302,"46":0.5470852256,"47":0.5378151536,"48":0.5335051417,"49":0.5448275805,"50":0.5463086963,"51":0.5381526351,"52":0.5357142687,"53":0.5613793135,"54":0.546875,"55":0.5446860194,"56":0.5584756732},"recall":{"0":0.0065308255,"1":0.0058342041,"2":0.007836991,"3":0.0092302337,"4":0.0087948451,"5":0.009970394,"6":0.0116684083,"7":0.0113200974,"8":0.0115377922,"9":0.0113200974,"10":0.0134970397,"11":0.0126262624,"12":0.0102316262,"13":0.0119731799,"14":0.0136276558,"15":0.0165447574,"16":0.0138453497,"17":0.0159787536,"18":0.0151515156,"19":0.0121037969,"20":0.0133228842,"21":0.0129310349,"22":0.0150208985,"23":0.0153692095,"24":0.0150644379,"25":0.0162835252,"26":0.0147596654,"27":0.0137582719,"28":0.014716127,"29":0.0141065829,"30":0.0173284579,"31":0.0171107631,"32":0.0162399858,"33":0.0144548938,"34":0.0142807383,"35":0.0154562872,"36":0.0170672238,"37":0.0183733888,"38":0.0164576806,"39":0.0164141413,"40":0.0144113554,"41":0.0176332295,"42":0.0179380011,"43":0.0191570874,"44":0.0165012199,"45":0.0178509224,"46":0.0159352142,"47":0.0195053983,"48":0.0180250779,"49":0.0171978399,"50":0.0177203063,"51":0.0175026115,"52":0.015673982,"53":0.0177203063,"54":0.0167624522,"55":0.0196360145,"56":0.0185040049},"auc":{"0":0.684836328,"1":0.6862955093,"2":0.6909459233,"3":0.693117857,"4":0.6940165758,"5":0.695353508,"6":0.697512269,"7":0.6973589659,"8":0.6992622614,"9":0.6991351247,"10":0.701788187,"11":0.7023464441,"12":0.7026613951,"13":0.7025718093,"14":0.7043340206,"15":0.7040688992,"16":0.7057486176,"17":0.7061399817,"18":0.7066930532,"19":0.704800725,"20":0.7056047916,"21":0.7066046,"22":0.7069174051,"23":0.7080897093,"24":0.7069554329,"25":0.7077994347,"26":0.707446456,"27":0.7069551945,"28":0.7059494257,"29":0.7082854509,"30":0.707474649,"31":0.7078424692,"32":0.7106678486,"33":0.7109419107,"34":0.7087005377,"35":0.7089895606,"36":0.7087154388,"37":0.7110241055,"38":0.7109591961,"39":0.7083359957,"40":0.7099850178,"41":0.7107859254,"42":0.7109155655,"43":0.7111589909,"44":0.7095528841,"45":0.7114523053,"46":0.7091404796,"47":0.7112957835,"48":0.7116377354,"49":0.7116985321,"50":0.7126269341,"51":0.7109104395,"52":0.7109436989,"53":0.7107409239,"54":0.7130423784,"55":0.7121311426,"56":0.7085322142},"f1_score":{"0":0.0127763497,"1":0.0114246467,"2":0.0153003512,"3":0.0179848094,"4":0.0171246827,"5":0.0193710569,"6":0.0225882754,"7":0.0219315644,"8":0.0223603882,"9":0.0219456367,"10":0.0261026155,"11":0.0243989099,"12":0.0198359471,"13":0.0232448932,"14":0.0263546649,"15":0.0318134502,"16":0.0268019009,"17":0.0307272878,"18":0.0292596836,"19":0.0234142151,"20":0.0257662833,"21":0.025084408,"22":0.0289518442,"23":0.029616585,"24":0.0290052816,"25":0.0313392207,"26":0.028480703,"27":0.026606109,"28":0.0284150112,"29":0.0272064526,"30":0.0332938097,"31":0.0327944942,"32":0.0312589481,"33":0.0278654993,"34":0.0276023783,"35":0.0297560059,"36":0.0328588523,"37":0.0352742746,"38":0.0315425992,"39":0.0315265246,"40":0.0278254244,"41":0.0338746533,"42":0.0344753973,"43":0.0366592519,"44":0.0316866487,"45":0.0342636332,"46":0.030651683,"47":0.0373222604,"48":0.0345989093,"49":0.0330336392,"50":0.0340793803,"51":0.0335323326,"52":0.030195877,"53":0.0339990146,"54":0.0322515629,"55":0.0374909565,"56":0.0354967751},"val_loss":{"0":1.7275936604,"1":1.7249666452,"2":1.721883297,"3":1.7173340321,"4":1.7188003063,"5":1.7166734934,"6":1.7050323486,"7":1.7083090544,"8":1.7069714069,"9":1.7040189505,"10":1.7029292583,"11":1.6986658573,"12":1.6971105337,"13":1.6973468065,"14":1.6970959902,"15":1.7031002045,"16":1.6949400902,"17":1.6904217005,"18":1.6929833889,"19":1.6937822104,"20":1.6943411827,"21":1.6906058788,"22":1.6930903196,"23":1.6968917847,"24":1.6884684563,"25":1.6903553009,"26":1.6907097101,"27":1.6809865236,"28":1.6936058998,"29":1.6904256344,"30":1.6879028082,"31":1.6866290569,"32":1.6868616343,"33":1.6887571812,"34":1.6847345829,"35":1.6840770245,"36":1.6769708395,"37":1.6898962259,"38":1.6910034418,"39":1.6919760704,"40":1.6850144863,"41":1.6919150352,"42":1.682382822,"43":1.6838786602,"44":1.6802436113,"45":1.6871322393,"46":1.6856065989,"47":1.6810767651,"48":1.683301568,"49":1.6857067347,"50":1.6845365763,"51":1.6917380095,"52":1.6857067347,"53":1.6824258566,"54":1.6783546209,"55":1.6860691309,"56":1.6872115135},"val_accuracy":{"0":0.8573169112,"1":0.857341826,"2":0.8572670221,"3":0.8574165106,"4":0.8572918177,"5":0.8572919369,"6":0.8573666811,"7":0.857242167,"8":0.8572670817,"9":0.8573416471,"10":0.8573666811,"11":0.8575408459,"12":0.8573416471,"13":0.8572921157,"14":0.8572173119,"15":0.8571923375,"16":0.8572423458,"17":0.8572670817,"18":0.8573417664,"19":0.8575159311,"20":0.8574661613,"21":0.8572670817,"22":0.8575159311,"23":0.8570431471,"24":0.8571923971,"25":0.8575159311,"26":0.8575159311,"27":0.8576155305,"28":0.8575159311,"29":0.8574414253,"30":0.8573667407,"31":0.8573416471,"32":0.8572670221,"33":0.8575906157,"34":0.8575410247,"35":0.8576153517,"36":0.857416451,"37":0.8571923971,"38":0.8575906754,"39":0.8571925163,"40":0.8573916554,"41":0.8572670817,"42":0.8580135703,"43":0.8580883145,"44":0.8576154709,"45":0.8574662805,"46":0.8577896953,