{"loss":{"0":2.1722302437,"1":2.1749958992,"2":2.2206645012,"3":2.121519804,"4":2.1190345287},"accuracy":{"0":0.8475390077,"1":0.8487395048,"2":0.8475390077,"3":0.8499399424,"4":0.8523409367},"precision":{"0":0.0,"1":0.0,"2":0.0,"3":0.0,"4":0.1666666716},"recall":{"0":0.0,"1":0.0,"2":0.0,"3":0.0,"4":0.0084033618},"auc":{"0":0.5305181146,"1":0.5149177313,"2":0.4789327383,"3":0.5309064388,"4":0.5349727869},"f1_score":{"0":0.0,"1":0.0,"2":0.0,"3":0.0,"4":0.0175438561},"val_loss":{"0":1.954172492,"1":1.9527426958,"2":1.9514302015,"3":1.9505624771,"4":1.9495506287},"val_accuracy":{"0":0.8571428657,"1":0.8571428657,"2":0.8571428657,"3":0.8571428657,"4":0.8571428657},"val_precision":{"0":0.0,"1":0.0,"2":0.0,"3":0.0,"4":0.0},"val_recall":{"0":0.0,"1":0.0,"2":0.0,"3":0.0,"4":0.0},"val_auc":{"0":0.493622452,"1":0.5,"2":0.4995748103,"3":0.5046768188,"4":0.5008503199},"val_f1_score":{"0":0.0,"1":0.0,"2":0.0,"3":0.0,"4":0.0}}