{"loss":{"0":2.995569706,"1":2.7493920326,"2":2.9123539925,"3":2.6580233574,"4":2.6467044353},"accuracy":{"0":0.1344537884,"1":0.1596638709,"2":0.1932773143,"3":0.1176470593,"4":0.1932773143},"val_loss":{"0":1.9467942715,"1":1.9474785328,"2":1.9484021664,"3":1.9493770599,"4":1.9509464502},"val_accuracy":{"0":0.1428571492,"1":0.1428571492,"2":0.1428571492,"3":0.1428571492,"4":0.1428571492}}