{"loss":{"0":1.9593539238,"1":1.8413404226,"2":1.830898881,"3":1.8231631517,"4":1.8213230371,"5":1.8177131414,"6":1.8183761835,"7":1.8163686991,"8":1.8147230148,"9":1.8149582148,"10":1.8136818409,"11":1.8141860962,"12":1.8132255077,"13":1.8133689165,"14":1.8118665218,"15":1.8122217655,"16":1.8125709295,"17":1.8124090433,"18":1.8123629093,"19":1.8121670485,"20":1.8123153448,"21":1.8119972944,"22":1.8117669821,"23":1.8113166094,"24":1.8113853931,"25":1.8118246794,"26":1.8110378981,"27":1.8113987446,"28":1.8115793467,"29":1.8107354641,"30":1.8113485575,"31":1.8112710714,"32":1.8113660812,"33":1.8108750582,"34":1.8111028671,"35":1.8109673262,"36":1.8108733892,"37":1.8108984232,"38":1.8113675117,"39":1.8104897738,"40":1.8109666109,"41":1.8106696606,"42":1.8106129169,"43":1.8103758097,"44":1.8102966547,"45":1.8106766939,"46":1.8106815815,"47":1.8104954958,"48":1.8104755878,"49":1.8108167648,"50":1.8105636835,"51":1.8105316162,"52":1.8103941679,"53":1.8105560541,"54":1.8103126287,"55":1.810233593,"56":1.8106309175,"57":1.8103462458,"58":1.8100429773,"59":1.8103630543},"accuracy":{"0":0.8549541831,"1":0.8570452332,"2":0.8571446538,"3":0.8571571708,"4":0.8571447134,"5":0.8571447134,"6":0.8571447134,"7":0.8571447134,"8":0.8571447134,"9":0.8571447134,"10":0.8571447134,"11":0.8571447134,"12":0.8571447134,"13":0.8571447134,"14":0.8571447134,"15":0.8571447134,"16":0.8571447134,"17":0.8571447134,"18":0.8571447134,"19":0.8571447134,"20":0.8571447134,"21":0.8571447134,"22":0.8571447134,"23":0.8571447134,"24":0.8571447134,"25":0.8571447134,"26":0.8571447134,"27":0.8571447134,"28":0.8571447134,"29":0.8571447134,"30":0.8571447134,"31":0.8571447134,"32":0.8571447134,"33":0.8571447134,"34":0.8571447134,"35":0.8571447134,"36":0.8571447134,"37":0.8571447134,"38":0.8571447134,"39":0.8571447134,"40":0.8571447134,"41":0.8571447134,"42":0.8571447134,"43":0.8571447134,"44":0.8571447134,"45":0.8571447134,"46":0.8571447134,"47":0.8571447134,"48":0.8571447134,"49":0.8571447134,"50":0.8571447134,"51":0.8571447134,"52":0.8571447134,"53":0.8571447134,"54":0.8571447134,"55":0.8571447134,"56":0.8571447134,"57":0.8571447134,"58":0.8571447134,"59":0.8571447134},"precision":{"0":0.1811594218,"1":0.3095238209,"2":0.5,"3":1.0,"4":0.0,"5":0.0,"6":0.0,"7":0.0,"8":0.0,"9":0.0,"10":0.0,"11":0.0,"12":0.0,"13":0.0,"14":0.0,"15":0.0,"16":0.0,"17":0.0,"18":0.0,"19":0.0,"20":0.0,"21":0.0,"22":0.0,"23":0.0,"24":0.0,"25":0.0,"26":0.0,"27":0.0,"28":0.0,"29":0.0,"30":0.0,"31":0.0,"32":0.0,"33":0.0,"34":0.0,"35":0.0,"36":0.0,"37":0.0,"38":0.0,"39":0.0,"40":0.0,"41":0.0,"42":0.0,"43":0.0,"44":0.0,"45":0.0,"46":0.0,"47":0.0,"48":0.0,"49":0.0,"50":0.0,"51":0.0,"52":0.0,"53":0.0,"54":0.0,"55":0.0,"56":0.0,"57":0.0,"58":0.0,"59":0.0},"recall":{"0":0.0043538837,"1":0.0005660049,"2":0.0001741553,"3":0.0000870777,"4":0.0,"5":0.0,"6":0.0,"7":0.0,"8":0.0,"9":0.0,"10":0.0,"11":0.0,"12":0.0,"13":0.0,"14":0.0,"15":0.0,"16":0.0,"17":0.0,"18":0.0,"19":0.0,"20":0.0,"21":0.0,"22":0.0,"23":0.0,"24":0.0,"25":0.0,"26":0.0,"27":0.0,"28":0.0,"29":0.0,"30":0.0,"31":0.0,"32":0.0,"33":0.0,"34":0.0,"35":0.0,"36":0.0,"37":0.0,"38":0.0,"39":0.0,"40":0.0,"41":0.0,"42":0.0,"43":0.0,"44":0.0,"45":0.0,"46":0.0,"47":0.0,"48":0.0,"49":0.0,"50":0.0,"51":0.0,"52":0.0,"53":0.0,"54":0.0,"55":0.0,"56":0.0,"57":0.0,"58":0.0,"59":0.0},"auc":{"0":0.5858018398,"1":0.6287540197,"2":0.6328052282,"3":0.6380602121,"4":0.6375373602,"5":0.639270246,"6":0.639046669,"7":0.6403546929,"8":0.6412192583,"9":0.6408373117,"10":0.642088294,"11":0.6408302188,"12":0.6416805387,"13":0.6421999931,"14":0.6432169676,"15":0.6424413919,"16":0.6419463158,"17":0.6423066854,"18":0.6420744061,"19":0.641952157,"20":0.6423015594,"21":0.6420653462,"22":0.6424313784,"23":0.643252492,"24":0.6422249079,"25":0.6422644854,"26":0.6432138085,"27":0.6423977613,"28":0.6419323683,"29":0.6433353424,"30":0.643009603,"31":0.6421990395,"32":0.6424136162,"33":0.6424139142,"34":0.6421974897,"35":0.6427010298,"36":0.6431367397,"37":0.6427922845,"38":0.6418713331,"39":0.6432459354,"40":0.642829597,"41":0.6423313618,"42":0.6428130865,"43":0.644045949,"44":0.6434607506,"45":0.6425499916,"46":0.642781496,"47":0.6429999471,"48":0.643250227,"49":0.6426676512,"50":0.642001152,"51":0.6427251101,"52":0.6423755288,"53":0.642236948,"54":0.6437317133,"55":0.6429961324,"56":0.6420369148,"57":0.6434479952,"58":0.6435378194,"59":0.6431661844},"f1_score":{"0":0.0081979586,"1":0.0011129074,"2":0.0003428326,"3":0.0001714163,"4":0.0,"5":0.0,"6":0.0,"7":0.0,"8":0.0,"9":0.0,"10":0.0,"11":0.0,"12":0.0,"13":0.0,"14":0.0,"15":0.0,"16":0.0,"17":0.0,"18":0.0,"19":0.0,"20":0.0,"21":0.0,"22":0.0,"23":0.0,"24":0.0,"25":0.0,"26":0.0,"27":0.0,"28":0.0,"29":0.0,"30":0.0,"31":0.0,"32":0.0,"33":0.0,"34":0.0,"35":0.0,"36":0.0,"37":0.0,"38":0.0,"39":0.0,"40":0.0,"41":0.0,"42":0.0,"43":0.0,"44":0.0,"45":0.0,"46":0.0,"47":0.0,"48":0.0,"49":0.0,"50":0.0,"51":0.0,"52":0.0,"53":0.0,"54":0.0,"55":0.0,"56":0.0,"57":0.0,"58":0.0,"59":0.0},"val_loss":{"0":1.8349629641,"1":1.817291975,"2":1.8131139278,"3":1.8116928339,"4":1.8109859228,"5":1.8113656044,"6":1.8103393316,"7":1.8098999262,"8":1.8098026514,"9":1.8099564314,"10":1.8098833561,"11":1.8097798824,"12":1.8098376989,"13":1.8099504709,"14":1.8096419573,"15":1.8096766472,"16":1.8105046749,"17":1.8096472025,"18":1.8097624779,"19":1.8102937937,"20":1.8099751472,"21":1.8096363544,"22":1.8099130392,"23":1.8098022938,"24":1.8096191883,"25":1.8097850084,"26":1.8099528551,"27":1.8100947142,"28":1.8097579479,"29":1.8098586798,"30":1.8099299669,"31":1.8098731041,"32":1.8098460436,"33":1.8098604679,"34":1.8100214005,"35":1.8100304604,"36":1.8096761703,"37":1.8096883297,"38":1.8098230362,"39":1.8097300529,"40":1.8096240759,"41":1.8097325563,"42":1.809926033,"43":1.8101270199,"44":1.8098268509,"45":1.8097472191,"46":1.8095456362,"47":1.8097339869,"48":1.8096399307,"49":1.8097321987,"50":1.8097538948,"51":1.8097919226,"52":1.8096345663,"53":1.8095769882,"54":1.8100212812,"55":1.8098289967,"56":1.8096286058,"57":1.8098084927,"58":1.8098889589,"59":1.8097242117},"val_accuracy":{"0":0.8571425676,"1":0.8571425676,"2":0.8571425676,"3":0.8571425676,"4":0.8571425676,"5":0.8571425676,"6":0.8571425676,"7":0.8571425676,"8":0.8571425676,"9":0.8571425676,"10":0.8571425676,"11":0.8571425676,"12":0.8571425676,"13":0.8571425676,"14":0.8571425676,"15":0.8571425676,"16":0.8571425676,"17":0.8571425676,"18":0.8571425676,"19":0.8571425676,"20":0.8571425676,"21":0.8571425676,"22":0.8571425676,"23":0.8571425676,"24":0.8571425676,"25":0.8571425676,"26":0.8571425676,"27":0.8571425676,"28":0.8571425676,"29":0.8571425676,"30":0.8571425676,"31":0.8571425676,"32":0.8571425676,"33":0.8571425676,"34":0.8571425676,"35":0.8571425676,"36":0.8571425676,"37":0.8571425676,"38":0.8571425676,"39":0.8571425676,"40":0.8571425676,"41":0.8571425676,"42":0.8571425676,"43":0.8571425676,"44":0.8571425676,"45":0.8571425676,"46":0.8571425676,"47":0.8571425676,"48":0.8571425676,"49":0.8571425676,"50":0.8571425676,"51":0.8571425676,"52":0.8571425676,"53":0.8571425676,"54":0.8571425676,"55":0.8571425676,"56":0.8571425676,"57":0.8571425676,"58":0.8571425676,"59":0.8571425676},"val_precision":{"0":0.0,"1":0.0,"2":0.0,"3":0.0,"4":0.0,"5":0.0,"6":0.0,"7":0.0,"8":0.0,"9":0.0,"10":0.0,"11":0.0,"12":0.0,"13":0.0,"14":0.0,"15":0.0,"16":0.0,"17":0.0,"18":0.0,"19":0.0,"20":0.0,"21":0.0,"22":0.0,"23":0.0,"24":0.0,"25":0.0,"26":0.0,"27":0.0,"28":0.0,"29":0.0,"30":0.0,"31":0.0,"32":0.0,"33":0.0,"34":0.0,"35":0.0,"36":0.0,"37":0.0,"38":0.0,"39":0.0,"40":0.0,"41":0.0,"42":0.0,"43":0.0,"44":0.0,"45":0.0,"46":0.0,"47":0.0,"48":0.0,"49":0.0,"50":0.0,"51":0.0,"52":0.0,"53":0.0,"54":0.0,"55":0.0,"56":0.0,"57":0.0,"58":0.0,"59":0.0},"val_recall":{"0":0.0,"1":0.0,"2":0.0,"3":0.0,"4":0.0,"5":0.0,"6":0.0,"7":0.0,"8":0.0,"9":0.0,"10":0.0,"11":0.0,"12":0.0,"13":0.0,"14":0.0,"15":0.0,"16":0.0,"17":0.0,"18":0.0,"19":0.0,"20":0.0,"21":0.0,"22":0.0,"23":0.0,"24":0.0,"25":0.0,"26":0.0,"27":0.0,"28":0.0,"29":0.0,"30":0.0,"31":0.0,"32":0.0,"33":0.0,"34":0.0,"35":0.0,"36":0.0,