{"loss":{"0":1.931637764,"1":1.8187839985,"2":1.7955040932,"3":1.7778971195,"4":1.7689107656,"5":1.7624082565,"6":1.7560192347,"7":1.7520182133,"8":1.7476645708,"9":1.7410707474,"10":1.7411671877,"11":1.7390350103,"12":1.73554039,"13":1.7352669239,"14":1.7334359884,"15":1.7324433327,"16":1.7289533615,"17":1.7277097702,"18":1.726647377,"19":1.7292753458,"20":1.7271883488,"21":1.7255891562,"22":1.720749259,"23":1.7249538898,"24":1.7247552872,"25":1.723415494,"26":1.7220121622,"27":1.7177340984,"28":1.7194491625,"29":1.7219403982,"30":1.7194144726,"31":1.7207143307,"32":1.721244812,"33":1.7191435099,"34":1.7179566622,"35":1.7189848423,"36":1.7188110352,"37":1.715098381,"38":1.718013525,"39":1.7155615091,"40":1.7185060978,"41":1.7176254988,"42":1.714635253,"43":1.7191294432,"44":1.7157022953,"45":1.7175730467,"46":1.7177619934,"47":1.7191309929,"48":1.7156381607,"49":1.7159992456,"50":1.7167557478,"51":1.7189018726,"52":1.71618855,"53":1.7173042297,"54":1.7190349102,"55":1.7153244019,"56":1.7176795006,"57":1.7141996622},"accuracy":{"0":0.8547175527,"1":0.8568513393,"2":0.8568016887,"3":0.8571062088,"4":0.8570685387,"5":0.8570126891,"6":0.8573173881,"7":0.8570566177,"8":0.857149601,"9":0.857224226,"10":0.8572422862,"11":0.8571186066,"12":0.8572551012,"13":0.857149303,"14":0.8574416041,"15":0.8573668599,"16":0.8572676182,"17":0.8573979139,"18":0.8574663401,"19":0.8573359251,"20":0.8572799563,"21":0.8573797941,"22":0.8579513431,"23":0.8573796153,"24":0.8574540019,"25":0.8575598001,"26":0.8575972319,"27":0.8576093912,"28":0.8578518033,"29":0.8575285077,"30":0.8574102521,"31":0.8576032519,"32":0.8572983742,"33":0.8576032519,"34":0.8577338457,"35":0.8574541211,"36":0.8574539423,"37":0.857591033,"38":0.8573666215,"39":0.8577524424,"40":0.8574790955,"41":0.8575288653,"42":0.8576658368,"43":0.8575598001,"44":0.8574041128,"45":0.8576343656,"46":0.8576592803,"47":0.857491076,"48":0.8578271866,"49":0.8577027321,"50":0.857814908,"51":0.8575288653,"52":0.8575099111,"53":0.8573855758,"54":0.8579388261,"55":0.8574352264,"56":0.8574978113,"57":0.8576346636},"precision":{"0":0.2036474198,"1":0.3233082592,"2":0.3589743674,"3":0.4877049327,"4":0.4810126722,"5":0.4702549577,"6":0.5343137383,"7":0.4833333194,"8":0.5011655092,"9":0.5131313205,"10":0.5144927502,"11":0.49609375,"12":0.5159574747,"13":0.5008347034,"14":0.5387097001,"15":0.5322580934,"16":0.5157728791,"17":0.5312024355,"18":0.5345744491,"19":0.525203228,"20":0.5177993774,"21":0.5290519595,"22":0.5824872851,"23":0.5274566412,"24":0.5381097794,"25":0.5541195273,"26":0.5539143085,"27":0.5569043756,"28":0.5805084705,"29":0.540789485,"30":0.5293315053,"31":0.5552238822,"32":0.5189681053,"33":0.5572755337,"34":0.55581671,"35":0.5365496874,"36":0.5344352722,"37":0.5459183455,"38":0.5243902206,"39":0.5615577698,"40":0.5435484052,"41":0.5412234068,"42":0.5601719022,"43":0.548340559,"44":0.5268542171,"45":0.5483475924,"46":0.5570839047,"47":0.5425531864,"48":0.5677340031,"49":0.5576922894,"50":0.5642856956,"51":0.5449275374,"52":0.5433186293,"53":0.526458621,"54":0.5909090638,"55":0.5334281921,"56":0.5392022133,"57":0.5504469872},"recall":{"0":0.0058342041,"1":0.00187217,"2":0.0030477187,"3":0.0051811216,"4":0.0066179032,"5":0.0072274469,"6":0.009491466,"7":0.0088383835,"8":0.0093608499,"9":0.0110588642,"10":0.0123650292,"11":0.0110588642,"12":0.0126698017,"13":0.013061651,"14":0.0145419715,"15":0.0129310349,"16":0.0142371999,"17":0.015195054,"18":0.0175026115,"19":0.0140630445,"20":0.0139324274,"21":0.0150644379,"22":0.0199843254,"23":0.0158916749,"24":0.0153692095,"25":0.0149338208,"26":0.0163270645,"27":0.0159787536,"28":0.0178944618,"29":0.0178944618,"30":0.0168930683,"31":0.0161964465,"32":0.0148902824,"33":0.015673982,"34":0.0205938704,"35":0.0159787536,"36":0.0168930683,"37":0.0186346229,"38":0.016849529,"39":0.0194618609,"40":0.0146725876,"41":0.0177203063,"42":0.0170236845,"43":0.0165447574,"44":0.0179380011,"45":0.0195053983,"46":0.0176332295,"47":0.0155433649,"48":0.0200714041,"49":0.0189393945,"50":0.0206374079,"51":0.016370602,"52":0.0161093697,"53":0.0168930683,"54":0.0181121565,"55":0.0163270645,"56":0.0170672238,"57":0.018765239},"auc":{"0":0.5960600376,"1":0.648553133,"2":0.6637720466,"3":0.6740121841,"4":0.6799276471,"5":0.6838695407,"6":0.686005652,"7":0.6896089315,"8":0.6928436756,"9":0.6960329413,"10":0.6953810453,"11":0.6971816421,"12":0.6993922591,"13":0.6997842789,"14":0.69960922,"15":0.7005861998,"16":0.7029646039,"17":0.7034582496,"18":0.7032678127,"19":0.7028409243,"20":0.7043019533,"21":0.7047378421,"22":0.7069120407,"23":0.7059954405,"24":0.7055732012,"25":0.7056548595,"26":0.7070916891,"27":0.7093602419,"28":0.7081035376,"29":0.7069813609,"30":0.7087323666,"31":0.7078199983,"32":0.7084591985,"33":0.7095417976,"34":0.70973593,"35":0.7084823251,"36":0.7090383768,"37":0.7104552984,"38":0.709431231,"39":0.710003376,"40":0.7086230516,"41":0.7095650434,"42":0.7117003202,"43":0.7087248564,"44":0.7102594376,"45":0.7093913555,"46":0.7095463276,"47":0.7087695599,"48":0.7107144594,"49":0.7097027898,"50":0.7099746466,"51":0.7083095312,"52":0.7103888988,"53":0.7095324993,"54":0.7091646194,"55":0.7101227045,"56":0.7099258304,"57":0.7111017108},"f1_score":{"0":0.0111247906,"1":0.003667386,"2":0.0059658829,"3":0.0101345982,"4":0.0129216425,"5":0.0140959006,"6":0.0184753537,"7":0.0171955377,"8":0.0181916226,"9":0.0214333516,"10":0.0239208713,"11":0.0214507375,"12":0.0245188177,"13":0.0251872484,"14":0.0280135982,"15":0.0250422545,"16":0.0274783429,"17":0.0293129273,"18":0.033562582,"19":0.0271498971,"20":0.0268877614,"21":0.0290277526,"22":0.0382714905,"23":0.0305395629,"24":0.0296472404,"25":0.0288055073,"26":0.0314719081,"27":0.0307783876,"28":0.0343459286,"29":0.0342669226,"30":0.0324713662,"31":0.0311097056,"32":0.0286765862,"33":0.0302089434,"34":0.0393476821,"35":0.0307873171,"36":0.0324520208,"37":0.0357326642,"38":0.0323758833,"39":0.0373393297,"40":0.0283032954,"41":0.0339764766,"42":0.0327627882,"43":0.0318674482,"44":0.034370482,"45":0.037380103,"46":0.033870142,"47":0.0299817938,"48":0.0384258591,"49":0.0363098569,"50":0.0395143814,"51":0.0314633399,"52":0.0310196783,"53":0.0324519612,"54":0.0348682068,"55":0.0314194895,"56":0.0328053609,"57":0.0359673239},"val_loss":{"0":1.8273260593,"1":1.7787055969,"2":1.7629269361,"3":1.7449623346,"4":1.7444279194,"5":1.7425637245,"6":1.7341159582,"7":1.7292339802,"8":1.7269212008,"9":1.72250247,"10":1.716314435,"11":1.7177153826,"12":1.7153158188,"13":1.7145524025,"14":1.714017272,"15":1.7117093801,"16":1.7030874491,"17":1.7159582376,"18":1.7107423544,"19":1.7044235468,"20":1.7048746347,"21":1.7065057755,"22":1.7047410011,"23":1.7033815384,"24":1.7027122974,"25":1.7025130987,"26":1.7030376196,"27":1.7049090862,"28":1.7017074823,"29":1.7000310421,"30":1.7025786638,"31":1.6994693279,"32":1.6979402304,"33":1.6959002018,"34":1.6982629299,"35":1.7031750679,"36":1.700225234,"37":1.6901572943,"38":1.6939258575,"39":1.6981024742,"40":1.6944063902,"41":1.6970680952,"42":1.7006223202,"43":1.6948215961,"44":1.6970584393,"45":1.6952921152,"46":1.6961427927,"47":1.6954029799,"48":1.6970587969,"49":1.6971749067,"50":1.6931737661,"51":1.7007418871,"52":1.6978696585,"53":1.6952213049,"54":1.6944491863,"55":1.6934286356,"56":1.7004263401,"57":1.7011669874},"val_accuracy":{"0":0.8571425676,"1":0.8571923971,"2":0.8572670817,"3":0.8572670817,"4":0.8572670817,"5":0.8572670817,"6":0.8572173119,"7":0.8572172523,"8":0.8572172523,"9":0.8571923971,"10":0.8574163318,"11":0.8571674824,"12":0.8574163318,"13":0.8571925163,"14":0.8571923971,"15":0.857242167,"16":0.8571923971,"17":0.8575159311,"18":0.857092917,"19":0.857341826,"20":0.8572670817,"21":0.8572670817,"22":0.8571426272,"23":0.8577895761,"24":0.8570927978,"25":0.8572423458,"26":0.857242167,"27":0.8571923971,"28":0.8573416471,"29":0.8573417664,"30":0.8573415875,"31":0.8572918177,"32":0.857217133,"33":0.8570680618,"34":0.8574911356,"35":0.8572670221,"36":0.8571923971,"37":0.8572670221,"38":0.857242167,"39":0.8571176529,